--
-- PostgreSQL database dump
--

-- Dumped from database version 15.4 (Debian 15.4-1.pgdg120+1)
-- Dumped by pg_dump version 15.4 (Debian 15.4-1.pgdg120+1)

SET statement_timeout = 0;
SET lock_timeout = 0;
SET idle_in_transaction_session_timeout = 0;
SET client_encoding = 'UTF8';
SET standard_conforming_strings = on;
SELECT pg_catalog.set_config('search_path', '', false);
SET check_function_bodies = false;
SET xmloption = content;
SET client_min_messages = warning;
SET row_security = off;

SET default_tablespace = '';

SET default_table_access_method = heap;

--
-- Name: application_customuser; Type: TABLE; Schema: public; Owner: diploma_user
--

CREATE TABLE public.application_customuser (
    id bigint NOT NULL,
    password character varying(128) NOT NULL,
    last_login timestamp with time zone,
    is_superuser boolean NOT NULL,
    username character varying(150) NOT NULL,
    first_name character varying(150) NOT NULL,
    last_name character varying(150) NOT NULL,
    email character varying(254) NOT NULL,
    is_staff boolean NOT NULL,
    is_active boolean NOT NULL,
    date_joined timestamp with time zone NOT NULL,
    key_pair_id bigint
);


ALTER TABLE public.application_customuser OWNER TO diploma_user;

--
-- Name: application_customuser_groups; Type: TABLE; Schema: public; Owner: diploma_user
--

CREATE TABLE public.application_customuser_groups (
    id integer NOT NULL,
    customuser_id bigint NOT NULL,
    group_id integer NOT NULL
);


ALTER TABLE public.application_customuser_groups OWNER TO diploma_user;

--
-- Name: application_customuser_groups_id_seq; Type: SEQUENCE; Schema: public; Owner: diploma_user
--

ALTER TABLE public.application_customuser_groups ALTER COLUMN id ADD GENERATED BY DEFAULT AS IDENTITY (
    SEQUENCE NAME public.application_customuser_groups_id_seq
    START WITH 1
    INCREMENT BY 1
    NO MINVALUE
    NO MAXVALUE
    CACHE 1
);


--
-- Name: application_customuser_id_seq; Type: SEQUENCE; Schema: public; Owner: diploma_user
--

ALTER TABLE public.application_customuser ALTER COLUMN id ADD GENERATED BY DEFAULT AS IDENTITY (
    SEQUENCE NAME public.application_customuser_id_seq
    START WITH 1
    INCREMENT BY 1
    NO MINVALUE
    NO MAXVALUE
    CACHE 1
);


--
-- Name: application_customuser_user_permissions; Type: TABLE; Schema: public; Owner: diploma_user
--

CREATE TABLE public.application_customuser_user_permissions (
    id integer NOT NULL,
    customuser_id bigint NOT NULL,
    permission_id integer NOT NULL
);


ALTER TABLE public.application_customuser_user_permissions OWNER TO diploma_user;

--
-- Name: application_customuser_user_permissions_id_seq; Type: SEQUENCE; Schema: public; Owner: diploma_user
--

ALTER TABLE public.application_customuser_user_permissions ALTER COLUMN id ADD GENERATED BY DEFAULT AS IDENTITY (
    SEQUENCE NAME public.application_customuser_user_permissions_id_seq
    START WITH 1
    INCREMENT BY 1
    NO MINVALUE
    NO MAXVALUE
    CACHE 1
);


--
-- Name: application_device; Type: TABLE; Schema: public; Owner: diploma_user
--

CREATE TABLE public.application_device (
    id bigint NOT NULL,
    name character varying NOT NULL,
    username character varying NOT NULL,
    hostname character varying NOT NULL,
    port integer NOT NULL,
    password text,
    key_pair_id bigint
);


ALTER TABLE public.application_device OWNER TO diploma_user;

--
-- Name: application_device_id_seq; Type: SEQUENCE; Schema: public; Owner: diploma_user
--

ALTER TABLE public.application_device ALTER COLUMN id ADD GENERATED BY DEFAULT AS IDENTITY (
    SEQUENCE NAME public.application_device_id_seq
    START WITH 1
    INCREMENT BY 1
    NO MINVALUE
    NO MAXVALUE
    CACHE 1
);


--
-- Name: application_group; Type: TABLE; Schema: public; Owner: diploma_user
--

CREATE TABLE public.application_group (
    id bigint NOT NULL,
    name character varying NOT NULL,
    key_pair_id bigint
);


ALTER TABLE public.application_group OWNER TO diploma_user;

--
-- Name: application_group_devices; Type: TABLE; Schema: public; Owner: diploma_user
--

CREATE TABLE public.application_group_devices (
    id integer NOT NULL,
    group_id bigint NOT NULL,
    device_id bigint NOT NULL
);


ALTER TABLE public.application_group_devices OWNER TO diploma_user;

--
-- Name: application_group_devices_id_seq; Type: SEQUENCE; Schema: public; Owner: diploma_user
--

ALTER TABLE public.application_group_devices ALTER COLUMN id ADD GENERATED BY DEFAULT AS IDENTITY (
    SEQUENCE NAME public.application_group_devices_id_seq
    START WITH 1
    INCREMENT BY 1
    NO MINVALUE
    NO MAXVALUE
    CACHE 1
);


--
-- Name: application_group_id_seq; Type: SEQUENCE; Schema: public; Owner: diploma_user
--

ALTER TABLE public.application_group ALTER COLUMN id ADD GENERATED BY DEFAULT AS IDENTITY (
    SEQUENCE NAME public.application_group_id_seq
    START WITH 1
    INCREMENT BY 1
    NO MINVALUE
    NO MAXVALUE
    CACHE 1
);


--
-- Name: application_keypair; Type: TABLE; Schema: public; Owner: diploma_user
--

CREATE TABLE public.application_keypair (
    id bigint NOT NULL,
    private_key_content text NOT NULL,
    public_key_content text NOT NULL
);


ALTER TABLE public.application_keypair OWNER TO diploma_user;

--
-- Name: application_keypair_id_seq; Type: SEQUENCE; Schema: public; Owner: diploma_user
--

ALTER TABLE public.application_keypair ALTER COLUMN id ADD GENERATED BY DEFAULT AS IDENTITY (
    SEQUENCE NAME public.application_keypair_id_seq
    START WITH 1
    INCREMENT BY 1
    NO MINVALUE
    NO MAXVALUE
    CACHE 1
);


--
-- Name: application_script; Type: TABLE; Schema: public; Owner: diploma_user
--

CREATE TABLE public.application_script (
    id bigint NOT NULL,
    name character varying(100) NOT NULL,
    script text NOT NULL
);


ALTER TABLE public.application_script OWNER TO diploma_user;

--
-- Name: application_script_id_seq; Type: SEQUENCE; Schema: public; Owner: diploma_user
--

ALTER TABLE public.application_script ALTER COLUMN id ADD GENERATED BY DEFAULT AS IDENTITY (
    SEQUENCE NAME public.application_script_id_seq
    START WITH 1
    INCREMENT BY 1
    NO MINVALUE
    NO MAXVALUE
    CACHE 1
);


--
-- Name: auth_group; Type: TABLE; Schema: public; Owner: diploma_user
--

CREATE TABLE public.auth_group (
    id integer NOT NULL,
    name character varying(150) NOT NULL
);


ALTER TABLE public.auth_group OWNER TO diploma_user;

--
-- Name: auth_group_id_seq; Type: SEQUENCE; Schema: public; Owner: diploma_user
--

ALTER TABLE public.auth_group ALTER COLUMN id ADD GENERATED BY DEFAULT AS IDENTITY (
    SEQUENCE NAME public.auth_group_id_seq
    START WITH 1
    INCREMENT BY 1
    NO MINVALUE
    NO MAXVALUE
    CACHE 1
);


--
-- Name: auth_group_permissions; Type: TABLE; Schema: public; Owner: diploma_user
--

CREATE TABLE public.auth_group_permissions (
    id integer NOT NULL,
    group_id integer NOT NULL,
    permission_id integer NOT NULL
);


ALTER TABLE public.auth_group_permissions OWNER TO diploma_user;

--
-- Name: auth_group_permissions_id_seq; Type: SEQUENCE; Schema: public; Owner: diploma_user
--

ALTER TABLE public.auth_group_permissions ALTER COLUMN id ADD GENERATED BY DEFAULT AS IDENTITY (
    SEQUENCE NAME public.auth_group_permissions_id_seq
    START WITH 1
    INCREMENT BY 1
    NO MINVALUE
    NO MAXVALUE
    CACHE 1
);


--
-- Name: auth_permission; Type: TABLE; Schema: public; Owner: diploma_user
--

CREATE TABLE public.auth_permission (
    id integer NOT NULL,
    name character varying(255) NOT NULL,
    content_type_id integer NOT NULL,
    codename character varying(100) NOT NULL
);


ALTER TABLE public.auth_permission OWNER TO diploma_user;

--
-- Name: auth_permission_id_seq; Type: SEQUENCE; Schema: public; Owner: diploma_user
--

ALTER TABLE public.auth_permission ALTER COLUMN id ADD GENERATED BY DEFAULT AS IDENTITY (
    SEQUENCE NAME public.auth_permission_id_seq
    START WITH 1
    INCREMENT BY 1
    NO MINVALUE
    NO MAXVALUE
    CACHE 1
);


--
-- Name: django_admin_log; Type: TABLE; Schema: public; Owner: diploma_user
--

CREATE TABLE public.django_admin_log (
    id integer NOT NULL,
    action_time timestamp with time zone NOT NULL,
    object_id text,
    object_repr character varying(200) NOT NULL,
    action_flag smallint NOT NULL,
    change_message text NOT NULL,
    content_type_id integer,
    user_id bigint NOT NULL,
    CONSTRAINT django_admin_log_action_flag_check CHECK ((action_flag >= 0))
);


ALTER TABLE public.django_admin_log OWNER TO diploma_user;

--
-- Name: django_admin_log_id_seq; Type: SEQUENCE; Schema: public; Owner: diploma_user
--

ALTER TABLE public.django_admin_log ALTER COLUMN id ADD GENERATED BY DEFAULT AS IDENTITY (
    SEQUENCE NAME public.django_admin_log_id_seq
    START WITH 1
    INCREMENT BY 1
    NO MINVALUE
    NO MAXVALUE
    CACHE 1
);


--
-- Name: django_content_type; Type: TABLE; Schema: public; Owner: diploma_user
--

CREATE TABLE public.django_content_type (
    id integer NOT NULL,
    app_label character varying(100) NOT NULL,
    model character varying(100) NOT NULL
);


ALTER TABLE public.django_content_type OWNER TO diploma_user;

--
-- Name: django_content_type_id_seq; Type: SEQUENCE; Schema: public; Owner: diploma_user
--

ALTER TABLE public.django_content_type ALTER COLUMN id ADD GENERATED BY DEFAULT AS IDENTITY (
    SEQUENCE NAME public.django_content_type_id_seq
    START WITH 1
    INCREMENT BY 1
    NO MINVALUE
    NO MAXVALUE
    CACHE 1
);


--
-- Name: django_migrations; Type: TABLE; Schema: public; Owner: diploma_user
--

CREATE TABLE public.django_migrations (
    id integer NOT NULL,
    app character varying(255) NOT NULL,
    name character varying(255) NOT NULL,
    applied timestamp with time zone NOT NULL
);


ALTER TABLE public.django_migrations OWNER TO diploma_user;

--
-- Name: django_migrations_id_seq; Type: SEQUENCE; Schema: public; Owner: diploma_user
--

ALTER TABLE public.django_migrations ALTER COLUMN id ADD GENERATED BY DEFAULT AS IDENTITY (
    SEQUENCE NAME public.django_migrations_id_seq
    START WITH 1
    INCREMENT BY 1
    NO MINVALUE
    NO MAXVALUE
    CACHE 1
);


--
-- Name: django_session; Type: TABLE; Schema: public; Owner: diploma_user
--

CREATE TABLE public.django_session (
    session_key character varying(40) NOT NULL,
    session_data text NOT NULL,
    expire_date timestamp with time zone NOT NULL
);


ALTER TABLE public.django_session OWNER TO diploma_user;

--
-- Data for Name: application_customuser; Type: TABLE DATA; Schema: public; Owner: diploma_user
--

COPY public.application_customuser (id, password, last_login, is_superuser, username, first_name, last_name, email, is_staff, is_active, date_joined, key_pair_id) FROM stdin;
1	pbkdf2_sha256$600000$UqjjoD17WN7dkr0UMu7ley$k8hp2eMhmMvUy+6tuA1rQbxVFtnV5mIb1jTJdMIDcsI=	2023-09-16 16:30:24.404822+00	t	dawid				t	t	2023-09-16 11:36:35.341568+00	\N
\.


--
-- Data for Name: application_customuser_groups; Type: TABLE DATA; Schema: public; Owner: diploma_user
--

COPY public.application_customuser_groups (id, customuser_id, group_id) FROM stdin;
\.


--
-- Data for Name: application_customuser_user_permissions; Type: TABLE DATA; Schema: public; Owner: diploma_user
--

COPY public.application_customuser_user_permissions (id, customuser_id, permission_id) FROM stdin;
\.


--
-- Data for Name: application_device; Type: TABLE DATA; Schema: public; Owner: diploma_user
--

COPY public.application_device (id, name, username, hostname, port, password, key_pair_id) FROM stdin;
1	docker4	tester3	192.168.0.20	2224	gAAAAABlBfwljW60OoCAd3BKpvwE4CLw0zV356bPIeHn_FKjclUK4iVHijKe1pWLasEyrDbBKkdbNABLI1LW7c5zj4T7BWKrFg==	\N
\.


--
-- Data for Name: application_group; Type: TABLE DATA; Schema: public; Owner: diploma_user
--

COPY public.application_group (id, name, key_pair_id) FROM stdin;
\.


--
-- Data for Name: application_group_devices; Type: TABLE DATA; Schema: public; Owner: diploma_user
--

COPY public.application_group_devices (id, group_id, device_id) FROM stdin;
\.


--
-- Data for Name: application_keypair; Type: TABLE DATA; Schema: public; Owner: diploma_user
--

COPY public.application_keypair (id, private_key_content, public_key_content) FROM stdin;
\.


--
-- Data for Name: application_script; Type: TABLE DATA; Schema: public; Owner: diploma_user
--

COPY public.application_script (id, name, script) FROM stdin;
\.


--
-- Data for Name: auth_group; Type: TABLE DATA; Schema: public; Owner: diploma_user
--

COPY public.auth_group (id, name) FROM stdin;
\.


--
-- Data for Name: auth_group_permissions; Type: TABLE DATA; Schema: public; Owner: diploma_user
--

COPY public.auth_group_permissions (id, group_id, permission_id) FROM stdin;
\.


--
-- Data for Name: auth_permission; Type: TABLE DATA; Schema: public; Owner: diploma_user
--

COPY public.auth_permission (id, name, content_type_id, codename) FROM stdin;
1	Can add log entry	1	add_logentry
2	Can change log entry	1	change_logentry
3	Can delete log entry	1	delete_logentry
4	Can view log entry	1	view_logentry
5	Can add permission	2	add_permission
6	Can change permission	2	change_permission
7	Can delete permission	2	delete_permission
8	Can view permission	2	view_permission
9	Can add group	3	add_group
10	Can change group	3	change_group
11	Can delete group	3	delete_group
12	Can view group	3	view_group
13	Can add content type	4	add_contenttype
14	Can change content type	4	change_contenttype
15	Can delete content type	4	delete_contenttype
16	Can view content type	4	view_contenttype
17	Can add session	5	add_session
18	Can change session	5	change_session
19	Can delete session	5	delete_session
20	Can view session	5	view_session
21	Can add device	6	add_device
22	Can change device	6	change_device
23	Can delete device	6	delete_device
24	Can view device	6	view_device
25	Can add key pair	7	add_keypair
26	Can change key pair	7	change_keypair
27	Can delete key pair	7	delete_keypair
28	Can view key pair	7	view_keypair
29	Can add script	8	add_script
30	Can change script	8	change_script
31	Can delete script	8	delete_script
32	Can view script	8	view_script
33	Can add group	9	add_group
34	Can change group	9	change_group
35	Can delete group	9	delete_group
36	Can view group	9	view_group
37	Can add user	10	add_customuser
38	Can change user	10	change_customuser
39	Can delete user	10	delete_customuser
40	Can view user	10	view_customuser
\.


--
-- Data for Name: django_admin_log; Type: TABLE DATA; Schema: public; Owner: diploma_user
--

COPY public.django_admin_log (id, action_time, object_id, object_repr, action_flag, change_message, content_type_id, user_id) FROM stdin;
\.


--
-- Data for Name: django_content_type; Type: TABLE DATA; Schema: public; Owner: diploma_user
--

COPY public.django_content_type (id, app_label, model) FROM stdin;
1	admin	logentry
2	auth	permission
3	auth	group
4	contenttypes	contenttype
5	sessions	session
6	application	device
7	application	keypair
8	application	script
9	application	group
10	application	customuser
\.


--
-- Data for Name: django_migrations; Type: TABLE DATA; Schema: public; Owner: diploma_user
--

COPY public.django_migrations (id, app, name, applied) FROM stdin;
1	contenttypes	0001_initial	2023-09-16 11:23:13.961336+00
2	contenttypes	0002_remove_content_type_name	2023-09-16 11:23:13.996145+00
3	auth	0001_initial	2023-09-16 11:23:14.069725+00
4	auth	0002_alter_permission_name_max_length	2023-09-16 11:23:14.076132+00
5	auth	0003_alter_user_email_max_length	2023-09-16 11:23:14.08268+00
6	auth	0004_alter_user_username_opts	2023-09-16 11:23:14.089304+00
7	auth	0005_alter_user_last_login_null	2023-09-16 11:23:14.095582+00
8	auth	0006_require_contenttypes_0002	2023-09-16 11:23:14.09895+00
9	auth	0007_alter_validators_add_error_messages	2023-09-16 11:23:14.105615+00
10	auth	0008_alter_user_username_max_length	2023-09-16 11:23:14.112123+00
11	auth	0009_alter_user_last_name_max_length	2023-09-16 11:23:14.117898+00
12	auth	0010_alter_group_name_max_length	2023-09-16 11:23:14.124887+00
13	auth	0011_update_proxy_permissions	2023-09-16 11:23:14.131464+00
14	auth	0012_alter_user_first_name_max_length	2023-09-16 11:23:14.138153+00
15	application	0001_initial	2023-09-16 11:23:14.314466+00
16	admin	0001_initial	2023-09-16 11:23:14.358447+00
17	admin	0002_logentry_remove_auto_add	2023-09-16 11:23:14.366274+00
18	admin	0003_logentry_add_action_flag_choices	2023-09-16 11:23:14.374675+00
19	sessions	0001_initial	2023-09-16 11:23:14.404908+00
34	application	0002_alter_device_password_and_more	2023-09-16 11:32:01.44312+00
\.


--
-- Data for Name: django_session; Type: TABLE DATA; Schema: public; Owner: diploma_user
--

COPY public.django_session (session_key, session_data, expire_date) FROM stdin;
mz5s3lmmhcs366p4hadcladnjy89vrp2	.eJxVjDkOwjAUBe_iGlnBS7Ap6XMGy3_DAeRIcVIh7k4ipYD2zcx7q5TXpaS18ZxGUld1VqffDTI-ue6AHrneJ41TXeYR9K7ogzY9TMSv2-H-HZTcylazQSYgcRb7ED1KsMEb4yUYA_kSO8zSWRFEYYYNUQBrOPbivAcH6vMFEAE5BA:1qhTbN:VAmtZo0q8cjJOK1Tl8Gqz-bZP0p2jdetCIS1la7qoMc	2023-09-30 11:36:41.026823+00
pji2uxvqf2dco3w9qyha88mg8rumemby	.eJxVjDkOwjAUBe_iGlnBS7Ap6XMGy3_DAeRIcVIh7k4ipYD2zcx7q5TXpaS18ZxGUld1VqffDTI-ue6AHrneJ41TXeYR9K7ogzY9TMSv2-H-HZTcylazQSYgcRb7ED1KsMEb4yUYA_kSO8zSWRFEYYYNUQBrOPbivAcH6vMFEAE5BA:1qhYBc:uXbTs8YJQN1RvMfnC2F6vUG0-9c68flwLQKF9ks7jeI	2023-09-30 16:30:24.433942+00
\.


--
-- Name: application_customuser_groups_id_seq; Type: SEQUENCE SET; Schema: public; Owner: diploma_user
--

SELECT pg_catalog.setval('public.application_customuser_groups_id_seq', 1, false);


--
-- Name: application_customuser_id_seq; Type: SEQUENCE SET; Schema: public; Owner: diploma_user
--

SELECT pg_catalog.setval('public.application_customuser_id_seq', 1, true);


--
-- Name: application_customuser_user_permissions_id_seq; Type: SEQUENCE SET; Schema: public; Owner: diploma_user
--

SELECT pg_catalog.setval('public.application_customuser_user_permissions_id_seq', 1, false);


--
-- Name: application_device_id_seq; Type: SEQUENCE SET; Schema: public; Owner: diploma_user
--

SELECT pg_catalog.setval('public.application_device_id_seq', 1, true);


--
-- Name: application_group_devices_id_seq; Type: SEQUENCE SET; Schema: public; Owner: diploma_user
--

SELECT pg_catalog.setval('public.application_group_devices_id_seq', 1, false);


--
-- Name: application_group_id_seq; Type: SEQUENCE SET; Schema: public; Owner: diploma_user
--

SELECT pg_catalog.setval('public.application_group_id_seq', 1, false);


--
-- Name: application_keypair_id_seq; Type: SEQUENCE SET; Schema: public; Owner: diploma_user
--

SELECT pg_catalog.setval('public.application_keypair_id_seq', 1, false);


--
-- Name: application_script_id_seq; Type: SEQUENCE SET; Schema: public; Owner: diploma_user
--

SELECT pg_catalog.setval('public.application_script_id_seq', 1, false);


--
-- Name: auth_group_id_seq; Type: SEQUENCE SET; Schema: public; Owner: diploma_user
--

SELECT pg_catalog.setval('public.auth_group_id_seq', 1, false);


--
-- Name: auth_group_permissions_id_seq; Type: SEQUENCE SET; Schema: public; Owner: diploma_user
--

SELECT pg_catalog.setval('public.auth_group_permissions_id_seq', 1, false);


--
-- Name: auth_permission_id_seq; Type: SEQUENCE SET; Schema: public; Owner: diploma_user
--

SELECT pg_catalog.setval('public.auth_permission_id_seq', 66, true);


--
-- Name: django_admin_log_id_seq; Type: SEQUENCE SET; Schema: public; Owner: diploma_user
--

SELECT pg_catalog.setval('public.django_admin_log_id_seq', 1, false);


--
-- Name: django_content_type_id_seq; Type: SEQUENCE SET; Schema: public; Owner: diploma_user
--

SELECT pg_catalog.setval('public.django_content_type_id_seq', 33, true);


--
-- Name: django_migrations_id_seq; Type: SEQUENCE SET; Schema: public; Owner: diploma_user
--

SELECT pg_catalog.setval('public.django_migrations_id_seq', 34, true);


--
-- Name: application_customuser_groups application_customuser_g_customuser_id_group_id_7a4111ef_uniq; Type: CONSTRAINT; Schema: public; Owner: diploma_user
--

ALTER TABLE ONLY public.application_customuser_groups
    ADD CONSTRAINT application_customuser_g_customuser_id_group_id_7a4111ef_uniq UNIQUE (customuser_id, group_id);


--
-- Name: application_customuser_groups application_customuser_groups_pkey; Type: CONSTRAINT; Schema: public; Owner: diploma_user
--

ALTER TABLE ONLY public.application_customuser_groups
    ADD CONSTRAINT application_customuser_groups_pkey PRIMARY KEY (id);


--
-- Name: application_customuser application_customuser_pkey; Type: CONSTRAINT; Schema: public; Owner: diploma_user
--

ALTER TABLE ONLY public.application_customuser
    ADD CONSTRAINT application_customuser_pkey PRIMARY KEY (id);


--
-- Name: application_customuser_user_permissions application_customuser_u_customuser_id_permission_b0efc3c6_uniq; Type: CONSTRAINT; Schema: public; Owner: diploma_user
--

ALTER TABLE ONLY public.application_customuser_user_permissions
    ADD CONSTRAINT application_customuser_u_customuser_id_permission_b0efc3c6_uniq UNIQUE (customuser_id, permission_id);


--
-- Name: application_customuser_user_permissions application_customuser_user_permissions_pkey; Type: CONSTRAINT; Schema: public; Owner: diploma_user
--

ALTER TABLE ONLY public.application_customuser_user_permissions
    ADD CONSTRAINT application_customuser_user_permissions_pkey PRIMARY KEY (id);


--
-- Name: application_customuser application_customuser_username_key; Type: CONSTRAINT; Schema: public; Owner: diploma_user
--

ALTER TABLE ONLY public.application_customuser
    ADD CONSTRAINT application_customuser_username_key UNIQUE (username);


--
-- Name: application_device application_device_pkey; Type: CONSTRAINT; Schema: public; Owner: diploma_user
--

ALTER TABLE ONLY public.application_device
    ADD CONSTRAINT application_device_pkey PRIMARY KEY (id);


--
-- Name: application_group_devices application_group_devices_group_id_device_id_d0c15283_uniq; Type: CONSTRAINT; Schema: public; Owner: diploma_user
--

ALTER TABLE ONLY public.application_group_devices
    ADD CONSTRAINT application_group_devices_group_id_device_id_d0c15283_uniq UNIQUE (group_id, device_id);


--
-- Name: application_group_devices application_group_devices_pkey; Type: CONSTRAINT; Schema: public; Owner: diploma_user
--

ALTER TABLE ONLY public.application_group_devices
    ADD CONSTRAINT application_group_devices_pkey PRIMARY KEY (id);


--
-- Name: application_group application_group_pkey; Type: CONSTRAINT; Schema: public; Owner: diploma_user
--

ALTER TABLE ONLY public.application_group
    ADD CONSTRAINT application_group_pkey PRIMARY KEY (id);


--
-- Name: application_keypair application_keypair_pkey; Type: CONSTRAINT; Schema: public; Owner: diploma_user
--

ALTER TABLE ONLY public.application_keypair
    ADD CONSTRAINT application_keypair_pkey PRIMARY KEY (id);


--
-- Name: application_script application_script_pkey; Type: CONSTRAINT; Schema: public; Owner: diploma_user
--

ALTER TABLE ONLY public.application_script
    ADD CONSTRAINT application_script_pkey PRIMARY KEY (id);


--
-- Name: auth_group auth_group_name_key; Type: CONSTRAINT; Schema: public; Owner: diploma_user
--

ALTER TABLE ONLY public.auth_group
    ADD CONSTRAINT auth_group_name_key UNIQUE (name);


--
-- Name: auth_group_permissions auth_group_permissions_group_id_permission_id_0cd325b0_uniq; Type: CONSTRAINT; Schema: public; Owner: diploma_user
--

ALTER TABLE ONLY public.auth_group_permissions
    ADD CONSTRAINT auth_group_permissions_group_id_permission_id_0cd325b0_uniq UNIQUE (group_id, permission_id);


--
-- Name: auth_group_permissions auth_group_permissions_pkey; Type: CONSTRAINT; Schema: public; Owner: diploma_user
--

ALTER TABLE ONLY public.auth_group_permissions
    ADD CONSTRAINT auth_group_permissions_pkey PRIMARY KEY (id);


--
-- Name: auth_group auth_group_pkey; Type: CONSTRAINT; Schema: public; Owner: diploma_user
--

ALTER TABLE ONLY public.auth_group
    ADD CONSTRAINT auth_group_pkey PRIMARY KEY (id);


--
-- Name: auth_permission auth_permission_content_type_id_codename_01ab375a_uniq; Type: CONSTRAINT; Schema: public; Owner: diploma_user
--

ALTER TABLE ONLY public.auth_permission
    ADD CONSTRAINT auth_permission_content_type_id_codename_01ab375a_uniq UNIQUE (content_type_id, codename);


--
-- Name: auth_permission auth_permission_pkey; Type: CONSTRAINT; Schema: public; Owner: diploma_user
--

ALTER TABLE ONLY public.auth_permission
    ADD CONSTRAINT auth_permission_pkey PRIMARY KEY (id);


--
-- Name: django_admin_log django_admin_log_pkey; Type: CONSTRAINT; Schema: public; Owner: diploma_user
--

ALTER TABLE ONLY public.django_admin_log
    ADD CONSTRAINT django_admin_log_pkey PRIMARY KEY (id);


--
-- Name: django_content_type django_content_type_app_label_model_76bd3d3b_uniq; Type: CONSTRAINT; Schema: public; Owner: diploma_user
--

ALTER TABLE ONLY public.django_content_type
    ADD CONSTRAINT django_content_type_app_label_model_76bd3d3b_uniq UNIQUE (app_label, model);


--
-- Name: django_content_type django_content_type_pkey; Type: CONSTRAINT; Schema: public; Owner: diploma_user
--

ALTER TABLE ONLY public.django_content_type
    ADD CONSTRAINT django_content_type_pkey PRIMARY KEY (id);


--
-- Name: django_migrations django_migrations_pkey; Type: CONSTRAINT; Schema: public; Owner: diploma_user
--

ALTER TABLE ONLY public.django_migrations
    ADD CONSTRAINT django_migrations_pkey PRIMARY KEY (id);


--
-- Name: django_session django_session_pkey; Type: CONSTRAINT; Schema: public; Owner: diploma_user
--

ALTER TABLE ONLY public.django_session
    ADD CONSTRAINT django_session_pkey PRIMARY KEY (session_key);


--
-- Name: application_customuser_groups_customuser_id_9b8407c6; Type: INDEX; Schema: public; Owner: diploma_user
--

CREATE INDEX application_customuser_groups_customuser_id_9b8407c6 ON public.application_customuser_groups USING btree (customuser_id);


--
-- Name: application_customuser_groups_group_id_74f12472; Type: INDEX; Schema: public; Owner: diploma_user
--

CREATE INDEX application_customuser_groups_group_id_74f12472 ON public.application_customuser_groups USING btree (group_id);


--
-- Name: application_customuser_key_pair_id_efb57729; Type: INDEX; Schema: public; Owner: diploma_user
--

CREATE INDEX application_customuser_key_pair_id_efb57729 ON public.application_customuser USING btree (key_pair_id);


--
-- Name: application_customuser_user_permissions_customuser_id_d2d491a0; Type: INDEX; Schema: public; Owner: diploma_user
--

CREATE INDEX application_customuser_user_permissions_customuser_id_d2d491a0 ON public.application_customuser_user_permissions USING btree (customuser_id);


--
-- Name: application_customuser_user_permissions_permission_id_2b28b67a; Type: INDEX; Schema: public; Owner: diploma_user
--

CREATE INDEX application_customuser_user_permissions_permission_id_2b28b67a ON public.application_customuser_user_permissions USING btree (permission_id);


--
-- Name: application_customuser_username_57dbd990_like; Type: INDEX; Schema: public; Owner: diploma_user
--

CREATE INDEX application_customuser_username_57dbd990_like ON public.application_customuser USING btree (username varchar_pattern_ops);


--
-- Name: application_device_key_pair_id_6b8a67a7; Type: INDEX; Schema: public; Owner: diploma_user
--

CREATE INDEX application_device_key_pair_id_6b8a67a7 ON public.application_device USING btree (key_pair_id);


--
-- Name: application_group_devices_device_id_1c6b3d76; Type: INDEX; Schema: public; Owner: diploma_user
--

CREATE INDEX application_group_devices_device_id_1c6b3d76 ON public.application_group_devices USING btree (device_id);


--
-- Name: application_group_devices_group_id_44f35144; Type: INDEX; Schema: public; Owner: diploma_user
--

CREATE INDEX application_group_devices_group_id_44f35144 ON public.application_group_devices USING btree (group_id);


--
-- Name: application_group_key_pair_id_cb3d2351; Type: INDEX; Schema: public; Owner: diploma_user
--

CREATE INDEX application_group_key_pair_id_cb3d2351 ON public.application_group USING btree (key_pair_id);


--
-- Name: auth_group_name_a6ea08ec_like; Type: INDEX; Schema: public; Owner: diploma_user
--

CREATE INDEX auth_group_name_a6ea08ec_like ON public.auth_group USING btree (name varchar_pattern_ops);


--
-- Name: auth_group_permissions_group_id_b120cbf9; Type: INDEX; Schema: public; Owner: diploma_user
--

CREATE INDEX auth_group_permissions_group_id_b120cbf9 ON public.auth_group_permissions USING btree (group_id);


--
-- Name: auth_group_permissions_permission_id_84c5c92e; Type: INDEX; Schema: public; Owner: diploma_user
--

CREATE INDEX auth_group_permissions_permission_id_84c5c92e ON public.auth_group_permissions USING btree (permission_id);


--
-- Name: auth_permission_content_type_id_2f476e4b; Type: INDEX; Schema: public; Owner: diploma_user
--

CREATE INDEX auth_permission_content_type_id_2f476e4b ON public.auth_permission USING btree (content_type_id);


--
-- Name: django_admin_log_content_type_id_c4bce8eb; Type: INDEX; Schema: public; Owner: diploma_user
--

CREATE INDEX django_admin_log_content_type_id_c4bce8eb ON public.django_admin_log USING btree (content_type_id);


--
-- Name: django_admin_log_user_id_c564eba6; Type: INDEX; Schema: public; Owner: diploma_user
--

CREATE INDEX django_admin_log_user_id_c564eba6 ON public.django_admin_log USING btree (user_id);


--
-- Name: django_session_expire_date_a5c62663; Type: INDEX; Schema: public; Owner: diploma_user
--

CREATE INDEX django_session_expire_date_a5c62663 ON public.django_session USING btree (expire_date);


--
-- Name: django_session_session_key_c0390e0f_like; Type: INDEX; Schema: public; Owner: diploma_user
--

CREATE INDEX django_session_session_key_c0390e0f_like ON public.django_session USING btree (session_key varchar_pattern_ops);


--
-- Name: application_customuser_groups application_customus_customuser_id_9b8407c6_fk_applicati; Type: FK CONSTRAINT; Schema: public; Owner: diploma_user
--

ALTER TABLE ONLY public.application_customuser_groups
    ADD CONSTRAINT application_customus_customuser_id_9b8407c6_fk_applicati FOREIGN KEY (customuser_id) REFERENCES public.application_customuser(id) DEFERRABLE INITIALLY DEFERRED;


--
-- Name: application_customuser_user_permissions application_customus_customuser_id_d2d491a0_fk_applicati; Type: FK CONSTRAINT; Schema: public; Owner: diploma_user
--

ALTER TABLE ONLY public.application_customuser_user_permissions
    ADD CONSTRAINT application_customus_customuser_id_d2d491a0_fk_applicati FOREIGN KEY (customuser_id) REFERENCES public.application_customuser(id) DEFERRABLE INITIALLY DEFERRED;


--
-- Name: application_customuser_groups application_customus_group_id_74f12472_fk_auth_grou; Type: FK CONSTRAINT; Schema: public; Owner: diploma_user
--

ALTER TABLE ONLY public.application_customuser_groups
    ADD CONSTRAINT application_customus_group_id_74f12472_fk_auth_grou FOREIGN KEY (group_id) REFERENCES public.auth_group(id) DEFERRABLE INITIALLY DEFERRED;


--
-- Name: application_customuser application_customus_key_pair_id_efb57729_fk_applicati; Type: FK CONSTRAINT; Schema: public; Owner: diploma_user
--

ALTER TABLE ONLY public.application_customuser
    ADD CONSTRAINT application_customus_key_pair_id_efb57729_fk_applicati FOREIGN KEY (key_pair_id) REFERENCES public.application_keypair(id) DEFERRABLE INITIALLY DEFERRED;


--
-- Name: application_customuser_user_permissions application_customus_permission_id_2b28b67a_fk_auth_perm; Type: FK CONSTRAINT; Schema: public; Owner: diploma_user
--

ALTER TABLE ONLY public.application_customuser_user_permissions
    ADD CONSTRAINT application_customus_permission_id_2b28b67a_fk_auth_perm FOREIGN KEY (permission_id) REFERENCES public.auth_permission(id) DEFERRABLE INITIALLY DEFERRED;


--
-- Name: application_device application_device_key_pair_id_6b8a67a7_fk_applicati; Type: FK CONSTRAINT; Schema: public; Owner: diploma_user
--

ALTER TABLE ONLY public.application_device
    ADD CONSTRAINT application_device_key_pair_id_6b8a67a7_fk_applicati FOREIGN KEY (key_pair_id) REFERENCES public.application_keypair(id) DEFERRABLE INITIALLY DEFERRED;


--
-- Name: application_group_devices application_group_de_device_id_1c6b3d76_fk_applicati; Type: FK CONSTRAINT; Schema: public; Owner: diploma_user
--

ALTER TABLE ONLY public.application_group_devices
    ADD CONSTRAINT application_group_de_device_id_1c6b3d76_fk_applicati FOREIGN KEY (device_id) REFERENCES public.application_device(id) DEFERRABLE INITIALLY DEFERRED;


--
-- Name: application_group_devices application_group_de_group_id_44f35144_fk_applicati; Type: FK CONSTRAINT; Schema: public; Owner: diploma_user
--

ALTER TABLE ONLY public.application_group_devices
    ADD CONSTRAINT application_group_de_group_id_44f35144_fk_applicati FOREIGN KEY (group_id) REFERENCES public.application_group(id) DEFERRABLE INITIALLY DEFERRED;


--
-- Name: application_group application_group_key_pair_id_cb3d2351_fk_applicati; Type: FK CONSTRAINT; Schema: public; Owner: diploma_user
--

ALTER TABLE ONLY public.application_group
    ADD CONSTRAINT application_group_key_pair_id_cb3d2351_fk_applicati FOREIGN KEY (key_pair_id) REFERENCES public.application_keypair(id) DEFERRABLE INITIALLY DEFERRED;


--
-- Name: auth_group_permissions auth_group_permissio_permission_id_84c5c92e_fk_auth_perm; Type: FK CONSTRAINT; Schema: public; Owner: diploma_user
--

ALTER TABLE ONLY public.auth_group_permissions
    ADD CONSTRAINT auth_group_permissio_permission_id_84c5c92e_fk_auth_perm FOREIGN KEY (permission_id) REFERENCES public.auth_permission(id) DEFERRABLE INITIALLY DEFERRED;


--
-- Name: auth_group_permissions auth_group_permissions_group_id_b120cbf9_fk_auth_group_id; Type: FK CONSTRAINT; Schema: public; Owner: diploma_user
--

ALTER TABLE ONLY public.auth_group_permissions
    ADD CONSTRAINT auth_group_permissions_group_id_b120cbf9_fk_auth_group_id FOREIGN KEY (group_id) REFERENCES public.auth_group(id) DEFERRABLE INITIALLY DEFERRED;


--
-- Name: auth_permission auth_permission_content_type_id_2f476e4b_fk_django_co; Type: FK CONSTRAINT; Schema: public; Owner: diploma_user
--

ALTER TABLE ONLY public.auth_permission
    ADD CONSTRAINT auth_permission_content_type_id_2f476e4b_fk_django_co FOREIGN KEY (content_type_id) REFERENCES public.django_content_type(id) DEFERRABLE INITIALLY DEFERRED;


--
-- Name: django_admin_log django_admin_log_content_type_id_c4bce8eb_fk_django_co; Type: FK CONSTRAINT; Schema: public; Owner: diploma_user
--

ALTER TABLE ONLY public.django_admin_log
    ADD CONSTRAINT django_admin_log_content_type_id_c4bce8eb_fk_django_co FOREIGN KEY (content_type_id) REFERENCES public.django_content_type(id) DEFERRABLE INITIALLY DEFERRED;


--
-- Name: django_admin_log django_admin_log_user_id_c564eba6_fk_application_customuser_id; Type: FK CONSTRAINT; Schema: public; Owner: diploma_user
--

ALTER TABLE ONLY public.django_admin_log
    ADD CONSTRAINT django_admin_log_user_id_c564eba6_fk_application_customuser_id FOREIGN KEY (user_id) REFERENCES public.application_customuser(id) DEFERRABLE INITIALLY DEFERRED;


--
-- PostgreSQL database dump complete
--

